Fecha,Dolar
03/01/11,12.2574
04/01/11,12.2619
05/01/11,12.2064
06/01/11,12.2256
07/01/11,12.2369
10/01/11,12.2542
11/01/11,12.1907
12/01/11,12.0757
13/01/11,12.1028
14/01/11,12.0871
17/01/11,12.0299
18/01/11,12.0261
19/01/11,12.0744
20/01/11,12.0903
21/01/11,12.0482
24/01/11,12.0516
25/01/11,12.0856
26/01/11,12.0408
27/01/11,12.0239
28/01/11,12.1214
31/01/11,12.1519
01/02/11,12.017
02/02/11,12.019
03/02/11,12.0499
04/02/11,11.9946
08/02/11,11.9937
09/02/11,12.0432
10/02/11,12.0937
11/02/11,12.0635
14/02/11,12.0461
15/02/11,12.114
16/02/11,12.0957
17/02/11,12.0483
18/02/11,12.0172
21/02/11,12.0558
22/02/11,12.0917
23/02/11,12.19
24/02/11,12.173
25/02/11,12.1235
28/02/11,12.1062
01/03/11,12.0929
02/03/11,12.0981
03/03/11,12.0368
04/03/11,12.0064
07/03/11,12.017
08/03/11,12.0254
09/03/11,11.968
10/03/11,11.9755
11/03/11,11.9441
14/03/11,11.9235
15/03/11,12.0171
16/03/11,12.071
17/03/11,12.0925
18/03/11,12.0615
22/03/11,11.9885
23/03/11,12.0004
24/03/11,11.9555
25/03/11,11.9505
28/03/11,11.959
29/03/11,11.9678
30/03/11,11.9219
31/03/11,11.9084
01/04/11,11.8412
04/04/11,11.8533
05/04/11,11.8322
06/04/11,11.7836
07/04/11,11.7931
08/04/11,11.7421
11/04/11,11.7447
12/04/11,11.8266
13/04/11,11.7907
14/04/11,11.7679
15/04/11,11.709
18/04/11,11.7783
19/04/11,11.6925
20/04/11,11.6252
25/04/11,11.6294
26/04/11,11.5824
27/04/11,11.5868
28/04/11,11.5428
29/04/11,11.5278
02/05/11,11.5023
03/05/11,11.5665
04/05/11,11.6214
05/05/11,11.6934
06/05/11,11.609
09/05/11,11.641
10/05/11,11.6009
11/05/11,11.6075
12/05/11,11.6656
13/05/11,11.7219
16/05/11,11.7094
17/05/11,11.766
18/05/11,11.7234
19/05/11,11.6588
20/05/11,11.6467
23/05/11,11.7292
24/05/11,11.7032
25/05/11,11.6948
26/05/11,11.6956
27/05/11,11.6256
30/05/11,11.6123
31/05/11,11.578
01/06/11,11.6277
02/06/11,11.6739
03/06/11,11.6689
06/06/11,11.6983
07/06/11,11.7196
08/06/11,11.8001
09/06/11,11.7965
10/06/11,11.8686
13/06/11,11.868
14/06/11,11.7982
15/06/11,11.8751
16/06/11,11.9591
17/06/11,11.9006
20/06/11,11.8916
21/06/11,11.813
22/06/11,11.7789
23/06/11,11.8816
24/06/11,11.8822
27/06/11,11.8938
28/06/11,11.8389
29/06/11,11.7748
30/06/11,11.723
01/07/11,11.6368
04/07/11,11.5925
05/07/11,11.6194
06/07/11,11.6544
07/07/11,11.5738
08/07/11,11.6337
11/07/11,11.7274
12/07/11,11.7867
13/07/11,11.717
14/07/11,11.701
15/07/11,11.7178
18/07/11,11.7877
19/07/11,11.6964
20/07/11,11.6638
21/07/11,11.6174
22/07/11,11.6393
25/07/11,11.6641
26/07/11,11.6172
27/07/11,11.6527
28/07/11,11.6821
29/07/11,11.7425
01/08/11,11.7514
02/08/11,11.7657
03/08/11,11.8473
04/08/11,11.9523
05/08/11,11.9794
08/08/11,12.1845
09/08/11,12.371
10/08/11,12.3221
11/08/11,12.3899
12/08/11,12.2992
15/08/11,12.2424
16/08/11,12.2631
17/08/11,12.1651
18/08/11,12.3685
19/08/11,12.2386
22/08/11,12.2948
23/08/11,12.3357
24/08/11,12.3952
25/08/11,12.4259
26/08/11,12.4953
29/08/11,12.4148
30/08/11,12.4838
31/08/11,12.348
01/09/11,12.2616
02/09/11,12.3735
05/09/11,12.5353
06/09/11,12.5102
07/09/11,12.4661
08/09/11,12.4956
09/09/11,12.6324
12/09/11,12.7687
13/09/11,12.8994
14/09/11,12.9646
15/09/11,12.9127
19/09/11,13.186
20/09/11,13.1669
21/09/11,13.4045
22/09/11,13.8917
23/09/11,13.7788
26/09/11,13.6677
27/09/11,13.3414
28/09/11,13.4217
29/09/11,13.4567
30/09/11,13.7994
03/10/11,13.8967
04/10/11,13.9714
05/10/11,13.6675
06/10/11,13.5341
07/10/11,13.3143
10/10/11,13.2751
11/10/11,13.3266
12/10/11,13.2213
13/10/11,13.3647
14/10/11,13.2711
17/10/11,13.2952
18/10/11,13.4445
19/10/11,13.3733
20/10/11,13.6628
21/10/11,13.5996
24/10/11,13.4889
25/10/11,13.4459
26/10/11,13.4914
27/10/11,13.1973
28/10/11,13.1132
31/10/11,13.1802
01/11/11,13.6282
03/11/11,13.4128
04/11/11,13.4698
07/11/11,13.4504
08/11/11,13.3852
09/11/11,13.5252
10/11/11,13.5622
11/11/11,13.4165
14/11/11,13.5122
15/11/11,13.5672
16/11/11,13.5847
17/11/11,13.6375
18/11/11,13.7033
22/11/11,13.9812
23/11/11,14.1291
24/11/11,14.1778
25/11/11,14.2443
28/11/11,14.0344
29/11/11,13.9538
30/11/11,13.61
01/12/11,13.5894
02/12/11,13.5488
05/12/11,13.4786
06/12/11,13.497
07/12/11,13.5118
08/12/11,13.6569
09/12/11,13.6406
13/12/11,13.7714
14/12/11,13.9412
15/12/11,13.823
16/12/11,13.845
19/12/11,13.8542
20/12/11,13.772
21/12/11,13.8526
22/12/11,13.8169
23/12/11,13.8163
26/12/11,13.8483
27/12/11,13.9658
28/12/11,13.9904
29/12/11,13.9787
30/12/11,13.9476
02/01/12,13.9342
03/01/12,13.6882
04/01/12,13.7144
05/01/12,13.7409
06/01/12,13.7228
09/01/12,13.7437
10/01/12,13.6204
11/01/12,13.6592
12/01/12,13.5982
13/01/12,13.6263
16/01/12,13.5401
17/01/12,13.4621
18/01/12,13.3267
19/01/12,13.2516
20/01/12,13.224
23/01/12,13.1383
24/01/12,13.1712
25/01/12,13.1319
26/01/12,12.9325
27/01/12,12.9504
30/01/12,13.0063
31/01/12,13.0077
01/02/12,12.89
02/02/12,12.8038
03/02/12,12.712
07/02/12,12.6472
08/02/12,12.6833
09/02/12,12.72
10/02/12,12.7857
13/02/12,12.7392
14/02/12,12.7753
15/02/12,12.7658
16/02/12,12.8822
17/02/12,12.7856
20/02/12,12.6793
21/02/12,12.7408
22/02/12,12.8296
23/02/12,12.8294
24/02/12,12.8675
27/02/12,12.8779
28/02/12,12.8575
29/02/12,12.7891
01/03/12,12.7764
02/03/12,12.7723
05/03/12,12.8339
06/03/12,12.9777
07/03/12,12.9469
08/03/12,12.784
09/03/12,12.6299
12/03/12,12.715
13/03/12,12.6336
14/03/12,12.6719
15/03/12,12.6591
16/03/12,12.6645
20/03/12,12.6935
21/03/12,12.6833
22/03/12,12.833
23/03/12,12.8035
26/03/12,12.6795
27/03/12,12.6706
28/03/12,12.8039
29/03/12,12.8489
30/03/12,12.8093
02/04/12,12.7691
03/04/12,12.7317
04/04/12,12.8155
09/04/12,12.9902
10/04/12,13.1568
11/04/12,13.1324
12/04/12,13.0736
13/04/12,13.1458
16/04/12,13.2168
17/04/12,13.0816
18/04/12,13.1322
19/04/12,13.2288
20/04/12,13.1171
23/04/12,13.2087
24/04/12,13.1392
25/04/12,13.1667
26/04/12,13.2093
27/04/12,13.0141
30/04/12,12.9942
02/05/12,12.9629
03/05/12,12.9725
04/05/12,13.1344
07/05/12,13.1659
08/05/12,13.3374
09/05/12,13.515
10/05/12,13.447
11/05/12,13.4929
14/05/12,13.6739
15/05/12,13.7302
16/05/12,13.7747
17/05/12,13.7994
18/05/12,13.7809
21/05/12,13.7935
22/05/12,13.7203
23/05/12,14.0335
24/05/12,14.004
25/05/12,14.0156
28/05/12,13.9439
29/05/12,13.9169
30/05/12,14.0749
31/05/12,14.3047
01/06/12,14.3949
04/06/12,14.2443
05/06/12,14.2319
06/06/12,14.1116
07/06/12,13.9355
08/06/12,14.0351
11/06/12,13.9625
12/06/12,14.006
13/06/12,13.97
14/06/12,13.9974
15/06/12,13.9115
18/06/12,13.9154
19/06/12,13.7033
20/06/12,13.7257
21/06/12,13.7668
22/06/12,13.849
25/06/12,13.9542
26/06/12,13.8616
27/06/12,13.6652
28/06/12,13.653
29/06/12,13.4084
02/07/12,13.397
03/07/12,13.3174
04/07/12,13.3617
05/07/12,13.3508
06/07/12,13.4925
09/07/12,13.4533
10/07/12,13.2924
11/07/12,13.3241
12/07/12,13.4795
13/07/12,13.3449
16/07/12,13.2832
17/07/12,13.2226
18/07/12,13.1201
19/07/12,13.1921
20/07/12,13.2928
23/07/12,13.5218
24/07/12,13.6796
25/07/12,13.6541
26/07/12,13.4425
27/07/12,13.2837
30/07/12,13.2644
31/07/12,13.2833
01/08/12,13.2867
02/08/12,13.3927
03/08/12,13.1357
06/08/12,13.0708
07/08/12,13.1849
08/08/12,13.1891
09/08/12,13.1188
10/08/12,13.1094
13/08/12,13.1474
14/08/12,13.1311
15/08/12,13.1639
16/08/12,13.143
17/08/12,13.1745
20/08/12,13.1261
21/08/12,13.0854
22/08/12,13.1762
23/08/12,13.1284
24/08/12,13.176
27/08/12,13.1703
28/08/12,13.1847
29/08/12,13.2746
30/08/12,13.4172
31/08/12,13.2571
03/09/12,13.191
04/09/12,13.1793
05/09/12,13.1221
06/09/12,13.0483
07/09/12,12.9976
10/09/12,12.9921
11/09/12,12.9992
12/09/12,13.0305
13/09/12,12.9749
14/09/12,12.7458
17/09/12,12.7492
18/09/12,12.8192
19/09/12,12.8235
20/09/12,12.9042
21/09/12,12.8376
24/09/12,12.9123
25/09/12,12.8233
26/09/12,12.917
27/09/12,12.8521
28/09/12,12.8695
01/10/12,12.8178
02/10/12,12.8375
03/10/12,12.8528
04/10/12,12.7589
05/10/12,12.6987
08/10/12,12.8426
09/10/12,12.868
10/10/12,12.9119
11/10/12,12.8792
12/10/12,12.8901
15/10/12,12.8188
16/10/12,12.8077
17/10/12,12.7981
18/10/12,12.8299
19/10/12,12.8551
22/10/12,12.8571
23/10/12,12.9759
24/10/12,12.9839
25/10/12,12.9669
26/10/12,13.0112
29/10/12,13.09
30/10/12,13.0498
31/10/12,13.0911
01/11/12,13.0387
05/11/12,13.0449
06/11/12,12.9769
07/11/12,13.0432
08/11/12,13.1168
09/11/12,13.1789
12/11/12,13.1975
13/11/12,13.2284
14/11/12,13.2353
15/11/12,13.2522
16/11/12,13.2063
20/11/12,13.0245
21/11/12,13.0395
22/11/12,13.0188
23/11/12,12.9799
26/11/12,12.9984
27/11/12,12.9861
28/11/12,13.0372
29/11/12,12.9617
30/11/12,12.9268
03/12/12,12.9335
04/12/12,12.96
05/12/12,12.9284
06/12/12,12.9102
07/12/12,12.8469
10/12/12,12.7964
11/12/12,12.7584
13/12/12,12.7869
14/12/12,12.7768
17/12/12,12.7624
18/12/12,12.7236
19/12/12,12.7327
20/12/12,12.7777
21/12/12,12.8991
24/12/12,12.9764
26/12/12,13.0058
27/12/12,13.0101
28/12/12,12.988
31/12/12,12.9658
02/01/13,12.7488
03/01/13,12.743
04/01/13,12.7597
07/01/13,12.7679
08/01/13,12.8015
09/01/13,12.7503
10/01/13,12.6555
11/01/13,12.6478
14/01/13,12.6533
15/01/13,12.6526
16/01/13,12.6305
17/01/13,12.5868
18/01/13,12.6555
21/01/13,12.7098
22/01/13,12.6817
23/01/13,12.6616
24/01/13,12.6286
25/01/13,12.6993
28/01/13,12.7802
29/01/13,12.7134
30/01/13,12.7408
31/01/13,12.7094
01/02/13,12.6377
05/02/13,12.6294
06/02/13,12.6664
07/02/13,12.7105
08/02/13,12.7307
11/02/13,12.7706
12/02/13,12.7364
13/02/13,12.7116
14/02/13,12.6982
15/02/13,12.6866
18/02/13,12.6959
19/02/13,12.6873
20/02/13,12.6694
21/02/13,12.7699
22/02/13,12.7517
25/02/13,12.7028
26/02/13,12.868
27/02/13,12.8322
28/02/13,12.7795
01/03/13,12.8012
04/03/13,12.7814
05/03/13,12.7355
06/03/13,12.7345
07/03/13,12.7839
08/03/13,12.6684
11/03/13,12.5308
12/03/13,12.4641
13/03/13,12.3967
14/03/13,12.4545
15/03/13,12.439
19/03/13,12.4339
20/03/13,12.3909
21/03/13,12.3841
22/03/13,12.3724
25/03/13,12.3579
26/03/13,12.3546
27/03/13,12.3612
01/04/13,12.3438
02/04/13,12.2728
03/04/13,12.3266
04/04/13,12.3197
05/04/13,12.2383
08/04/13,12.1588
09/04/13,12.1304
10/04/13,12.114
11/04/13,12.0691
12/04/13,12.0824
15/04/13,12.1729
16/04/13,12.1668
17/04/13,12.237
18/04/13,12.2479
19/04/13,12.2254
22/04/13,12.3227
23/04/13,12.2492
24/04/13,12.2768
25/04/13,12.1231
26/04/13,12.155
29/04/13,12.1326
30/04/13,12.1456
02/05/13,12.1756
03/05/13,12.0851
06/05/13,12.1074
07/05/13,12.0733
08/05/13,12.0393
09/05/13,11.9807
10/05/13,12.1094
13/05/13,12.1448
14/05/13,12.1485
15/05/13,12.2313
16/05/13,12.2378
17/05/13,12.3177
20/05/13,12.3258
21/05/13,12.3414
22/05/13,12.3113
23/05/13,12.4764
24/05/13,12.5219
27/05/13,12.4831
28/05/13,12.5275
29/05/13,12.6328
30/05/13,12.7781
31/05/13,12.8035
03/06/13,12.7882
04/06/13,12.7317
05/06/13,12.8167
06/06/13,12.9079
07/06/13,12.7173
10/06/13,12.8572
11/06/13,12.8846
12/06/13,12.8442
13/06/13,12.7812
14/06/13,12.6916
17/06/13,12.737
18/06/13,12.88
19/06/13,12.8695
20/06/13,13.4015
21/06/13,13.4041
24/06/13,13.3966
25/06/13,13.2424
26/06/13,13.1884
27/06/13,13.0235
28/06/13,13.0279
01/07/13,12.9131
02/07/13,12.985
03/07/13,13.0377
04/07/13,12.8902
05/07/13,13.0567
08/07/13,12.9267
09/07/13,12.8654
10/07/13,12.9494
11/07/13,12.8599
12/07/13,12.8234
15/07/13,12.7387
16/07/13,12.6299
17/07/13,12.5455
18/07/13,12.4976
19/07/13,12.5499
22/07/13,12.5054
23/07/13,12.5093
24/07/13,12.633
25/07/13,12.6468
26/07/13,12.7091
29/07/13,12.7321
30/07/13,12.7635
31/07/13,12.8464
01/08/13,12.8068
02/08/13,12.6904
05/08/13,12.6759
06/08/13,12.6445
07/08/13,12.6989
08/08/13,12.646
09/08/13,12.5889
12/08/13,12.5666
13/08/13,12.7545
14/08/13,12.7255
15/08/13,12.8625
16/08/13,12.8722
19/08/13,13.0124
20/08/13,13.0064
21/08/13,13.1424
22/08/13,13.1486
23/08/13,12.9979
26/08/13,13.109
27/08/13,13.3366
28/08/13,13.2539
29/08/13,13.3104
30/08/13,13.3415
02/09/13,13.307
03/09/13,13.4394
04/09/13,13.3065
05/09/13,13.4079
06/09/13,13.2413
09/09/13,13.1471
10/09/13,13.1119
11/09/13,13.0938
12/09/13,13.0854
13/09/13,13.054
17/09/13,12.9241
18/09/13,12.9687
19/09/13,12.7179
20/09/13,12.7685
23/09/13,12.7846
24/09/13,12.8754
25/09/13,12.953
26/09/13,13.0119
27/09/13,13.145
30/09/13,13.1747
01/10/13,13.1294
02/10/13,13.1593
03/10/13,13.2663
04/10/13,13.0976
07/10/13,13.0959
08/10/13,13.1417
09/10/13,13.2126
10/10/13,13.0913
11/10/13,13.0514
14/10/13,13.0492
15/10/13,12.9725
16/10/13,12.8816
17/10/13,12.7717
18/10/13,12.7988
21/10/13,12.9314
22/10/13,12.8713
23/10/13,12.9433
24/10/13,12.9916
25/10/13,12.8693
28/10/13,12.8948
29/10/13,12.8903
30/10/13,12.864
31/10/13,13.0067
01/11/13,13.0789
04/11/13,12.9869
05/11/13,13.1341
06/11/13,13.1388
07/11/13,13.1912
08/11/13,13.2412
11/11/13,13.2314
12/11/13,13.1879
13/11/13,13.103
14/11/13,13.0173
15/11/13,12.9524
19/11/13,12.8869
20/11/13,12.9697
21/11/13,13.0617
22/11/13,13.0223
25/11/13,13.0267
26/11/13,13.0745
27/11/13,13.0925
28/11/13,13.0836
29/11/13,13.1101
02/12/13,13.2041
03/12/13,13.2372
04/12/13,13.0826
05/12/13,13.0057
06/12/13,12.9299
09/12/13,12.8612
10/12/13,12.8574
11/12/13,12.9342
13/12/13,12.9515
16/12/13,12.9439
17/12/13,12.9575
18/12/13,12.9937
19/12/13,12.973
20/12/13,12.9574
23/12/13,12.961
24/12/13,13.02
26/12/13,13.0547
27/12/13,13.0765
30/12/13,13.0652
31/12/13,13.0843
02/01/14,13.1011
03/01/14,13.0911
06/01/14,13.0905
07/01/14,13.0337
08/01/14,13.0846
09/01/14,13.1403
10/01/14,13.0065
13/01/14,12.9889
14/01/14,13.0956
15/01/14,13.1689
16/01/14,13.2907
17/01/14,13.2737
20/01/14,13.242
21/01/14,13.2984
22/01/14,13.3194
23/01/14,13.3722
24/01/14,13.493
27/01/14,13.4408
28/01/14,13.3104
29/01/14,13.3671
30/01/14,13.3207
31/01/14,13.3769
04/02/14,13.3928
05/02/14,13.3705
06/02/14,13.2211
07/02/14,13.3285
10/02/14,13.3134
11/02/14,13.2916
12/02/14,13.3056
13/02/14,13.332
14/02/14,13.2477
17/02/14,13.1949
18/02/14,13.2261
19/02/14,13.2714
20/02/14,13.2913
21/02/14,13.2704
24/02/14,13.209
25/02/14,13.2248
26/02/14,13.2992
27/02/14,13.3066
28/02/14,13.2379
03/03/14,13.3201
04/03/14,13.2752
05/03/14,13.2519
06/03/14,13.1476
07/03/14,13.1795
10/03/14,13.2248
11/03/14,13.243
12/03/14,13.2659
13/03/14,13.2456
14/03/14,13.234
18/03/14,13.1675
19/03/14,13.1695
20/03/14,13.2703
21/03/14,13.22
24/03/14,13.2019
25/03/14,13.1349
26/03/14,13.1273
27/03/14,13.0837
28/03/14,13.0841
31/03/14,13.0549
01/04/14,13.0313
02/04/14,13.0991
03/04/14,13.1324
04/04/14,13.0345
07/04/14,13.0179
08/04/14,12.9642
09/04/14,13.0604
10/04/14,13.0453
11/04/14,13.0788
14/04/14,13.0493
15/04/14,13.0986
16/04/14,13.0603
21/04/14,13.0413
22/04/14,13.0448
23/04/14,13.0908
24/04/14,13.101
25/04/14,13.1371
28/04/14,13.1356
29/04/14,13.1039
30/04/14,13.0901
02/05/14,12.9981
05/05/14,13.0102
06/05/14,13.0129
07/05/14,12.9876
08/05/14,12.9477
09/05/14,12.9843
12/05/14,12.9534
13/05/14,12.9234
14/05/14,12.8993
15/05/14,12.9755
16/05/14,12.9193
19/05/14,12.8944
20/05/14,12.9425
21/05/14,12.9132
22/05/14,12.8801
23/05/14,12.8656
26/05/14,12.8616
27/05/14,12.8772
28/05/14,12.866
29/05/14,12.8462
30/05/14,12.8609
02/06/14,12.9108
03/06/14,12.9447
04/06/14,12.9527
05/06/14,12.8868
06/06/14,12.8981
09/06/14,12.9912
10/06/14,13.0486
11/06/14,13.0306
12/06/14,12.9815
13/06/14,13.0164
16/06/14,13.0323
17/06/14,13.1007
18/06/14,13.0672
19/06/14,12.9885
20/06/14,13.0124
23/06/14,13.0056
24/06/14,13.0218
25/06/14,13.0174
26/06/14,13.0323
27/06/14,13.0002
30/06/14,12.9712
01/07/14,12.9605
02/07/14,12.9673
03/07/14,12.9829
04/07/14,12.9768
07/07/14,12.9949
08/07/14,13.0006
09/07/14,12.978
10/07/14,13.0015
11/07/14,12.985
14/07/14,12.9755
15/07/14,12.9611
16/07/14,12.939
17/07/14,12.9454
18/07/14,12.9588
21/07/14,12.9751
22/07/14,12.9393
23/07/14,12.9286
24/07/14,12.9572
25/07/14,12.9445
28/07/14,12.9878
29/07/14,13.0578
30/07/14,13.1357
31/07/14,13.2269
01/08/14,13.1932
04/08/14,13.1962
05/08/14,13.2716
06/08/14,13.258
07/08/14,13.2551
08/08/14,13.236
11/08/14,13.1998
12/08/14,13.159
13/08/14,13.1113
14/08/14,13.0717
15/08/14,13.0748
18/08/14,13.0505
19/08/14,13.0532
20/08/14,13.0814
21/08/14,13.0963
22/08/14,13.1328
25/08/14,13.1383
26/08/14,13.1059
27/08/14,13.0811
28/08/14,13.1109
29/08/14,13.0763
01/09/14,13.0833
02/09/14,13.1299
03/09/14,13.0892
04/09/14,13.0959
05/09/14,13.0788
08/09/14,13.0813
09/09/14,13.2162
10/09/14,13.2144
11/09/14,13.2144
12/09/14,13.2644
15/09/14,13.2223
17/09/14,13.1762
18/09/14,13.2402
19/09/14,13.2369
22/09/14,13.2566
23/09/14,13.2768
24/09/14,13.3015
25/09/14,13.3848
26/09/14,13.4541
29/09/14,13.4891
30/09/14,13.433
01/10/14,13.4455
02/10/14,13.4026
03/10/14,13.4835
06/10/14,13.4089
07/10/14,13.4332
08/10/14,13.4786
09/10/14,13.3789
10/10/14,13.4331
13/10/14,13.4203
14/10/14,13.4094
15/10/14,13.5423
16/10/14,13.5616
17/10/14,13.5231
20/10/14,13.5357
21/10/14,13.4989
22/10/14,13.5559
23/10/14,13.5288
24/10/14,13.5263
27/10/14,13.5701
28/10/14,13.4843
29/10/14,13.4239
30/10/14,13.4316
31/10/14,13.4773
03/11/14,13.5503
04/11/14,13.5925
05/11/14,13.607
06/11/14,13.6173
07/11/14,13.5573
10/11/14,13.5528
11/11/14,13.5874
12/11/14,13.5613
13/11/14,13.5995
14/11/14,13.5348
18/11/14,13.5445
19/11/14,13.6146
20/11/14,13.6115
21/11/14,13.6152
24/11/14,13.6374
25/11/14,13.642
26/11/14,13.7219
27/11/14,13.7667
28/11/14,13.8965
01/12/14,13.9262
02/12/14,14.076
03/12/14,14.0918
04/12/14,14.1165
05/12/14,14.3045
08/12/14,14.4042
09/12/14,14.3674
10/12/14,14.5181
11/12/14,14.6648
15/12/14,14.7853
16/12/14,14.7499
17/12/14,14.6028
18/12/14,14.5562
19/12/14,14.6378
22/12/14,14.6359
23/12/14,14.7008
24/12/14,14.7429
26/12/14,14.6955
29/12/14,14.718
30/12/14,14.7348
31/12/14,14.7414
02/01/15,14.829
05/01/15,14.9469
06/01/15,14.8479
07/01/15,14.7936
08/01/15,14.6274
09/01/15,14.5804
12/01/15,14.6398
13/01/15,14.5559
14/01/15,14.5644
15/01/15,14.5821
16/01/15,14.6223
19/01/15,14.6524
20/01/15,14.6484
21/01/15,14.6983
22/01/15,14.612
23/01/15,14.6499
26/01/15,14.5887
27/01/15,14.5872
28/01/15,14.6878
29/01/15,14.8414
30/01/15,14.9885
03/02/15,14.7566
04/02/15,14.8011
05/02/15,14.7548
06/02/15,14.9024
09/02/15,14.8014
10/02/15,14.9309
11/02/15,15.1099
12/02/15,14.9167
13/02/15,14.8605
16/02/15,14.8979
17/02/15,14.8971
18/02/15,14.9473
19/02/15,14.9583
20/02/15,15.0757
23/02/15,15.0832
24/02/15,14.9712
25/02/15,14.9228
26/02/15,14.9624
27/02/15,14.9553
02/03/15,14.9862
03/03/15,14.9544
04/03/15,15.0756
05/03/15,15.1686
06/03/15,15.4445
09/03/15,15.4544
10/03/15,15.5837
11/03/15,15.4455
12/03/15,15.4003
13/03/15,15.4892
17/03/15,15.4271
18/03/15,15.4192
19/03/15,15.296
20/03/15,15.0317
23/03/15,14.9644
24/03/15,14.9347
25/03/15,14.9524
26/03/15,15.1056
27/03/15,15.1542
30/03/15,15.2427
31/03/15,15.2647
01/04/15,15.1206
06/04/15,14.8003
07/04/15,14.9039
08/04/15,14.9072
09/04/15,15.0554
10/04/15,15.1706
13/04/15,15.2947
14/04/15,15.2339
15/04/15,15.3891
16/04/15,15.2455
17/04/15,15.3128
20/04/15,15.3973
21/04/15,15.3837
22/04/15,15.4518
23/04/15,15.3539
24/04/15,15.3834
27/04/15,15.3213
28/04/15,15.2225
29/04/15,15.2043
30/04/15,15.3714
04/05/15,15.494
05/05/15,15.3225
06/05/15,15.2825
07/05/15,15.3397
08/05/15,15.1424
11/05/15,15.2624
12/05/15,15.3211
13/05/15,15.2213
14/05/15,15.1235
15/05/15,15.0225
18/05/15,15.12
19/05/15,15.2008
20/05/15,15.212
21/05/15,15.2326
22/05/15,15.2918
25/05/15,15.2635
26/05/15,15.3235
27/05/15,15.3581
28/05/15,15.3737
29/05/15,15.3815
01/06/15,15.4845
02/06/15,15.4128
03/06/15,15.4833
04/06/15,15.5347
05/06/15,15.6958
08/06/15,15.6715
09/06/15,15.5645
10/06/15,15.4779
11/06/15,15.4409
12/06/15,15.4129
15/06/15,15.4327
16/06/15,15.4192
17/06/15,15.4199
18/06/15,15.2828
19/06/15,15.3274
22/06/15,15.3072
23/06/15,15.4088
24/06/15,15.4555
25/06/15,15.4816
26/06/15,15.5676
29/06/15,15.6599
30/06/15,15.6854
01/07/15,15.7829
02/07/15,15.6821
03/07/15,15.6918
06/07/15,15.753
07/07/15,15.8281
08/07/15,15.8174
09/07/15,15.7856
10/07/15,15.7329
13/07/15,15.7404
14/07/15,15.6728
15/07/15,15.747
16/07/15,15.8014
17/07/15,15.9121
20/07/15,15.9856
21/07/15,15.9728
22/07/15,16.095
23/07/15,16.0988
24/07/15,16.2364
27/07/15,16.2681
28/07/15,16.2638
29/07/15,16.214
30/07/15,16.4512
31/07/15,16.0772
03/08/15,16.1129
04/08/15,16.1736
05/08/15,16.3762
06/08/15,16.3533
07/08/15,16.1645
10/08/15,16.1652
11/08/15,16.3241
12/08/15,16.2976
13/08/15,16.3541
14/08/15,16.3658
17/08/15,16.3993
18/08/15,16.4317
19/08/15,16.4908
20/08/15,16.7182
21/08/15,16.9171
24/08/15,17.0975
25/08/15,16.9859
26/08/15,17.1065
27/08/15,16.8863
28/08/15,16.7684
31/08/15,16.7829
01/09/15,16.8692
02/09/15,16.9444
03/09/15,16.7918
04/09/15,16.8454
07/09/15,16.988
08/09/15,16.7979
09/09/15,16.7773
10/09/15,16.8103
11/09/15,16.8261
14/09/15,16.8168
15/09/15,16.7716
17/09/15,16.568
18/09/15,16.539
21/09/15,16.6865
22/09/15,16.8713
23/09/15,17.0453
24/09/15,17.1149
25/09/15,16.9595
28/09/15,17.0073
29/09/15,17.0771
30/09/15,16.9053
01/10/15,16.8566
02/10/15,16.8162
05/10/15,16.6941
06/10/15,16.6878
07/10/15,16.5762
08/10/15,16.5464
09/10/15,16.418
12/10/15,16.4219
13/10/15,16.5848
14/10/15,16.5804
15/10/15,16.425
16/10/15,16.3959
19/10/15,16.4899
20/10/15,16.5618
21/10/15,16.66
22/10/15,16.5284
23/10/15,16.5138
26/10/15,16.4998
27/10/15,16.5545
28/10/15,16.4503
29/10/15,16.6219
30/10/15,16.5244
03/11/15,16.4196
04/11/15,16.5147
05/11/15,16.5959
06/11/15,16.8382
09/11/15,16.87
10/11/15,16.7658
11/11/15,16.7173
12/11/15,16.7406
13/11/15,16.7395
17/11/15,16.757
18/11/15,16.7636
19/11/15,16.5748
20/11/15,16.512
23/11/15,16.5306
24/11/15,16.4705
25/11/15,16.5548
26/11/15,16.5492
27/11/15,16.5784
30/11/15,16.5856
01/12/15,16.5104
02/12/15,16.5933
03/12/15,16.7095
04/12/15,16.6757
07/12/15,16.9044
08/12/15,17.0164
09/12/15,17.016
10/12/15,17.075
11/12/15,17.3592
14/12/15,17.3776
15/12/15,17.1529
16/12/15,17.136
17/12/15,17.1
18/12/15,17.0139
21/12/15,17.1034
22/12/15,17.1847
23/12/15,17.1953
24/12/15,17.276
28/12/15,17.271
29/12/15,17.2065
30/12/15,17.3398
31/12/15,17.2487
04/01/16,17.3529
05/01/16,17.3456
06/01/16,17.4411
07/01/16,17.6568
08/01/16,17.9283
11/01/16,17.9304
12/01/16,17.9119
13/01/16,17.85
14/01/16,17.9121
15/01/16,18.2108
18/01/16,18.2327
19/01/16,18.1947
20/01/16,18.608
21/01/16,18.5084
22/01/16,18.428
25/01/16,18.5352
26/01/16,18.4715
27/01/16,18.453
28/01/16,18.2906
29/01/16,18.1935
02/02/16,18.4902
03/02/16,18.4537
04/02/16,18.1891
05/02/16,18.3748
08/02/16,18.6959
09/02/16,18.7818
10/02/16,18.8089
11/02/16,19.1754
12/02/16,19.0392
15/02/16,18.8471
16/02/16,18.8148
17/02/16,18.3895
18/02/16,18.1439
19/02/16,18.2762
22/02/16,18.0568
23/02/16,18.1948
24/02/16,18.2893
25/02/16,18.168
26/02/16,18.1706
29/02/16,18.102
01/03/16,17.9432
02/03/16,17.8561
03/03/16,17.8971
04/03/16,17.7723
07/03/16,17.7526
08/03/16,17.9044
09/03/16,17.7523
10/03/16,17.8601
11/03/16,17.7002
14/03/16,17.7691
15/03/16,17.926
16/03/16,17.9308
17/03/16,17.4034
18/03/16,17.2995
22/03/16,17.3361
23/03/16,17.5273
28/03/16,17.461
29/03/16,17.4015
30/03/16,17.2509
31/03/16,17.237
01/04/16,17.3338
04/04/16,17.4484
05/04/16,17.7252
06/04/16,17.7286
07/04/16,17.893
08/04/16,17.7391
11/04/16,17.6452
12/04/16,17.5719
13/04/16,17.49
14/04/16,17.388
15/04/16,17.5669
18/04/16,17.4598
19/04/16,17.2825
20/04/16,17.3078
21/04/16,17.4202
22/04/16,17.4359
25/04/16,17.5866
26/04/16,17.4298
27/04/16,17.3993
28/04/16,17.2125
29/04/16,17.1767
02/05/16,17.2279
03/05/16,17.5234
04/05/16,17.7358
05/05/16,17.7866
06/05/16,17.9204
09/05/16,18.1033
10/05/16,18.0205
11/05/16,17.9549
12/05/16,17.9915
13/05/16,18.1562
16/05/16,18.1795
17/05/16,18.3217
18/05/16,18.3761
19/05/16,18.5465
20/05/16,18.3826
23/05/16,18.4444
24/05/16,18.4694
25/05/16,18.452
26/05/16,18.4572
27/05/16,18.4527
30/05/16,18.4777
31/05/16,18.4118
01/06/16,18.5299
02/06/16,18.6097
03/06/16,18.6283
06/06/16,18.5889
07/06/16,18.5067
08/06/16,18.1491
09/06/16,18.2742
10/06/16,18.5046
13/06/16,18.7915
14/06/16,18.9814
15/06/16,18.8672
16/06/16,18.9968
17/06/16,18.8527
20/06/16,18.6559
21/06/16,18.6444
22/06/16,18.5325
23/06/16,18.3207
24/06/16,18.8716
27/06/16,19.1283
28/06/16,18.9113
29/06/16,18.555
30/06/16,18.4646
01/07/16,18.309
04/07/16,18.3858
05/07/16,18.7536
06/07/16,18.8161
07/07/16,18.8607
08/07/16,18.5991
11/07/16,18.4597
12/07/16,18.3006
13/07/16,18.3937
14/07/16,18.3061
15/07/16,18.492
18/07/16,18.4879
19/07/16,18.5719
20/07/16,18.5729
21/07/16,18.6022
22/07/16,18.6089
25/07/16,18.7569
26/07/16,18.8114
27/07/16,18.8602
28/07/16,18.8979
29/07/16,18.7837
01/08/16,18.8504
02/08/16,18.8966
03/08/16,18.9117
04/08/16,18.8612
05/08/16,18.8691
08/08/16,18.5716
09/08/16,18.3842
10/08/16,18.3479
11/08/16,18.2678
12/08/16,18.2455
15/08/16,18.0363
16/08/16,17.9869
17/08/16,18.2598
18/08/16,18.0832
19/08/16,18.2674
22/08/16,18.3023
23/08/16,18.3202
24/08/16,18.4971
25/08/16,18.446
26/08/16,18.283
29/08/16,18.5773
30/08/16,18.7953
31/08/16,18.8611
01/09/16,18.8523
02/09/16,18.6589
05/09/16,18.5581
06/09/16,18.3524
07/09/16,18.3689
08/09/16,18.5427
09/09/16,18.8451
12/09/16,19.0646
13/09/16,19.152
14/09/16,19.2275
15/09/16,19.2514
19/09/16,19.6097
20/09/16,19.777
21/09/16,19.8394
22/09/16,19.5965
23/09/16,19.7211
26/09/16,19.8322
27/09/16,19.5044
28/09/16,19.5002
29/09/16,19.4086
30/09/16,19.3776
03/10/16,19.3211
04/10/16,19.2138
05/10/16,19.2554
06/10/16,19.2433
07/10/16,19.2994
10/10/16,18.8786
11/10/16,18.9531
12/10/16,18.9622
13/10/16,19.0399
14/10/16,19.0046
17/10/16,18.8723
18/10/16,18.6726
19/10/16,18.5894
20/10/16,18.5945
21/10/16,18.6481
24/10/16,18.5658
25/10/16,18.5147
26/10/16,18.6485
27/10/16,18.8443
28/10/16,18.7304
31/10/16,18.8887
01/11/16,19.1306
03/11/16,19.2014
04/11/16,19.0792
07/11/16,18.6192
08/11/16,18.5089
09/11/16,19.925
10/11/16,20.4812
11/11/16,21.0511
14/11/16,20.8729
15/11/16,20.349
16/11/16,20.2884
17/11/16,20.1898
18/11/16,20.4193
22/11/16,20.5205
23/11/16,20.6901
24/11/16,20.7051
25/11/16,20.6475
28/11/16,20.5521
29/11/16,20.6225
30/11/16,20.5155
01/12/16,20.7488
02/12/16,20.6149
05/12/16,20.5927
06/12/16,20.3863
07/12/16,20.2967
08/12/16,20.4162
09/12/16,20.3305
13/12/16,20.2567
14/12/16,20.2226
15/12/16,20.5973
16/12/16,20.428
19/12/16,20.4098
20/12/16,20.43
21/12/16,20.4921
22/12/16,20.7179
23/12/16,20.6271
26/12/16,20.6445
27/12/16,20.7052
28/12/16,20.7314
29/12/16,20.664
30/12/16,20.6194
02/01/17,20.7323
03/01/17,20.852
04/01/17,21.3799
05/01/17,21.3661
06/01/17,21.3144
09/01/17,21.3219
10/01/17,21.6168
11/01/17,21.9076
12/01/17,21.7204
13/01/17,21.633
16/01/17,21.6643
17/01/17,21.5738
18/01/17,21.8514
19/01/17,21.9044
20/01/17,21.7002
23/01/17,21.4512
24/01/17,21.3692
25/01/17,21.3439
26/01/17,21.2024
27/01/17,21.0212
30/01/17,20.7588
31/01/17,20.7908
01/02/17,20.7752
02/02/17,20.5757
03/02/17,20.3439
07/02/17,20.637
08/02/17,20.4994
09/02/17,20.4163
10/02/17,20.3535
13/02/17,20.328
14/02/17,20.3507
15/02/17,20.3254
16/02/17,20.3325
17/02/17,20.4526
20/02/17,20.4059
21/02/17,20.4489
22/02/17,19.9127
23/02/17,19.7011
24/02/17,19.8335
27/02/17,19.8322
28/02/17,19.9957
01/03/17,19.9007
02/03/17,19.9373
03/03/17,19.6147
06/03/17,19.5538
07/03/17,19.521
08/03/17,19.6007
09/03/17,19.7974
10/03/17,19.6279
13/03/17,19.5803
14/03/17,19.6543
15/03/17,19.4493
16/03/17,19.173
17/03/17,19.117
21/03/17,19.107
22/03/17,19.0837
23/03/17,18.9877
24/03/17,18.8528
27/03/17,18.8661
28/03/17,18.8853
29/03/17,18.8092
30/03/17,18.7079
31/03/17,18.7955
03/04/17,18.732
04/04/17,18.8334
05/04/17,18.7192
06/04/17,18.7696
07/04/17,18.656
10/04/17,18.6923
11/04/17,18.7646
12/04/17,18.7528
17/04/17,18.5582
18/04/17,18.4863
19/04/17,18.8374
20/04/17,18.8187
21/04/17,18.8413
24/04/17,18.6521
25/04/17,18.9225
26/04/17,19.1119
27/04/17,19.067
28/04/17,18.9594
02/05/17,18.7731
03/05/17,18.8031
04/05/17,19.0019
05/05/17,19.0137
08/05/17,19.1164
09/05/17,19.1364
10/05/17,18.9587
11/05/17,18.9039
12/05/17,18.7594
15/05/17,18.67
16/05/17,18.6183
17/05/17,18.6761
18/05/17,18.8898
19/05/17,18.6859
22/05/17,18.6633
23/05/17,18.615
24/05/17,18.5689
25/05/17,18.4185
26/05/17,18.4849
29/05/17,18.5121
30/05/17,18.6643
31/05/17,18.6909
01/06/17,18.5941
02/06/17,18.6204
05/06/17,18.3819
06/06/17,18.2762
07/06/17,18.2278
08/06/17,18.1946
09/06/17,18.1939
12/06/17,18.1802
13/06/17,18.0725
14/06/17,17.9343
15/06/17,18.1154
16/06/17,17.9321
19/06/17,17.9519
20/06/17,18.1167
21/06/17,18.157
22/06/17,18.127
23/06/17,17.99
26/06/17,17.8775
27/06/17,17.9862
28/06/17,17.8973
29/06/17,18.0279
30/06/17,18.0626
03/07/17,18.2064
04/07/17,18.2036
05/07/17,18.3556
06/07/17,18.3227
07/07/17,18.1394
10/07/17,17.9751
11/07/17,17.9482
12/07/17,17.7708
13/07/17,17.7422
14/07/17,17.5613
17/07/17,17.5836
18/07/17,17.5134
19/07/17,17.4937
20/07/17,17.526
21/07/17,17.5618
24/07/17,17.6893
25/07/17,17.7492
26/07/17,17.7561
27/07/17,17.6886
28/07/17,17.7435
31/07/17,17.8646
01/08/17,17.8108
02/08/17,17.8696
03/08/17,17.8733
04/08/17,17.8798
07/08/17,17.9641
08/08/17,17.916
09/08/17,17.9671
10/08/17,17.9073
11/08/17,17.847
14/08/17,17.7755
15/08/17,17.8483
16/08/17,17.716
17/08/17,17.7324
18/08/17,17.8584
21/08/17,17.6501
22/08/17,17.6458
23/08/17,17.7113
24/08/17,17.6977
25/08/17,17.6205
28/08/17,17.8049
29/08/17,17.876
30/08/17,17.7753
31/08/17,17.8145
01/09/17,17.7861
04/09/17,17.8683
05/09/17,17.836
06/09/17,17.8136
07/09/17,17.6965
08/09/17,17.7331
11/09/17,17.6443
12/09/17,17.781
13/09/17,17.7836
14/09/17,17.7278
15/09/17,17.6857
18/09/17,17.761
19/09/17,17.7643
20/09/17,17.7009
21/09/17,17.8545
22/09/17,17.7487
25/09/17,17.8831
26/09/17,17.9933
27/09/17,18.13
28/09/17,18.1979
29/09/17,18.159
02/10/17,18.2337
03/10/17,18.2113
04/10/17,18.2282
05/10/17,18.306
06/10/17,18.5522
09/10/17,18.6646
10/10/17,18.6327
11/10/17,18.718
12/10/17,18.7631
13/10/17,18.9008
16/10/17,19.0753
17/10/17,19.0117
18/10/17,18.8869
19/10/17,18.8248
20/10/17,19.008
23/10/17,19.0489
24/10/17,19.2009
25/10/17,19.077
26/10/17,19.096
27/10/17,19.1474
30/10/17,19.2188
31/10/17,19.1478
01/11/17,19.1241
03/11/17,19.185
06/11/17,19.0814
07/11/17,19.1349
08/11/17,19.0718
09/11/17,19.09
10/11/17,19.0526
13/11/17,19.168
14/11/17,19.1334
15/11/17,19.2268
16/11/17,19.1224
17/11/17,18.9724
21/11/17,18.8242
22/11/17,18.74
23/11/17,18.6041
24/11/17,18.5379
27/11/17,18.52
28/11/17,18.5848
29/11/17,18.519
30/11/17,18.6229
01/12/17,18.6399
04/12/17,18.642
05/12/17,18.6958
06/12/17,18.8897
07/12/17,18.9315
08/12/17,18.9445
11/12/17,18.974
13/12/17,19.1391
14/12/17,19.1202
15/12/17,19.1289
18/12/17,19.0289
19/12/17,19.1913
20/12/17,19.2291
21/12/17,19.3962
22/12/17,19.5848
26/12/17,19.7223
27/12/17,19.7867
28/12/17,19.7354
29/12/17,19.6629
02/01/18,19.4899
03/01/18,19.3717
04/01/18,19.2427
05/01/18,19.2737
08/01/18,19.2323
09/01/18,19.3065
10/01/18,19.2405
11/01/18,19.3433
12/01/18,19.0446
15/01/18,18.8113
16/01/18,18.8362
17/01/18,18.655
18/01/18,18.6361
19/01/18,18.58
22/01/18,18.7118
23/01/18,18.798
24/01/18,18.5178
25/01/18,18.478
26/01/18,18.4672
29/01/18,18.6196
30/01/18,18.6982
31/01/18,18.6069
01/02/18,18.4004
02/02/18,18.5248
06/02/18,18.7009
07/02/18,18.6492
08/02/18,18.8815
09/02/18,18.8623
12/02/18,18.6703
13/02/18,18.6269
14/02/18,18.6025
15/02/18,18.5159
16/02/18,18.4797
19/02/18,18.536
20/02/18,18.6594
21/02/18,18.6518
22/02/18,18.6574
23/02/18,18.5659
26/02/18,18.6456
27/02/18,18.7902
28/02/18,18.8331
01/03/18,18.861
02/03/18,18.8909
05/03/18,18.8838
06/03/18,18.7246
07/03/18,18.7922
08/03/18,18.7148
09/03/18,18.5812
12/03/18,18.6199
13/03/18,18.5604
14/03/18,18.5854
15/03/18,18.7023
16/03/18,18.7216
20/03/18,18.7614
21/03/18,18.6001
22/03/18,18.5078
23/03/18,18.5364
26/03/18,18.3268
27/03/18,18.3445
28/03/18,18.2709
02/04/18,18.2967
03/04/18,18.2044
04/04/18,18.2244
05/04/18,18.1081
06/04/18,18.2888
09/04/18,18.2753
10/04/18,18.2882
11/04/18,18.2018
12/04/18,18.1353
13/04/18,18.087
16/04/18,18.0394
17/04/18,17.9787
18/04/18,18.0333
19/04/18,18.2819
20/04/18,18.621
23/04/18,18.8628
24/04/18,18.8139
25/04/18,19.053
26/04/18,18.8644
27/04/18,18.6847
30/04/18,18.7878
02/05/18,19.0943
03/05/18,19.1223
04/05/18,19.2017
07/05/18,19.4232
08/05/18,19.5781
09/05/18,19.5387
10/05/18,19.2989
11/05/18,19.3539
14/05/18,19.5214
15/05/18,19.7854
16/05/18,19.7094
17/05/18,19.7033
18/05/18,19.9319
21/05/18,19.9054
22/05/18,19.7528
23/05/18,19.7661
24/05/18,19.7048
25/05/18,19.5608
28/05/18,19.5915
29/05/18,19.7499
30/05/18,19.7322
31/05/18,19.9759
01/06/18,19.8662
04/06/18,19.9934
05/06/18,20.3863
06/06/18,20.3129
07/06/18,20.46
08/06/18,20.5281
11/06/18,20.4722
12/06/18,20.596
13/06/18,20.6259
14/06/18,20.6953
15/06/18,20.716
18/06/18,20.6968
19/06/18,20.5531
20/06/18,20.3937
21/06/18,20.3689
22/06/18,20.1264
25/06/18,20.0908
26/06/18,19.8754
27/06/18,20.0553
28/06/18,19.8633
29/06/18,19.6912
02/07/18,20.1453
03/07/18,19.5974
04/07/18,19.4284
05/07/18,19.2513
06/07/18,19.0719
09/07/18,19.1563
10/07/18,19.0559
11/07/18,18.9632
12/07/18,18.8241
13/07/18,18.8854
16/07/18,18.836
17/07/18,18.8763
18/07/18,18.91
19/07/18,19.079
20/07/18,19.0694
23/07/18,19.0761
24/07/18,18.8506
25/07/18,18.7709
26/07/18,18.6234
27/07/18,18.5515
30/07/18,18.5413
31/07/18,18.6457
01/08/18,18.5899
02/08/18,18.6349
03/08/18,18.5725
06/08/18,18.5433
07/08/18,18.4631
08/08/18,18.4542
09/08/18,18.6511
10/08/18,18.9273
13/08/18,19.1801
14/08/18,18.9973
15/08/18,19.2339
16/08/18,19.01
17/08/18,19.0615
20/08/18,19.0305
21/08/18,18.8784
22/08/18,18.8176
23/08/18,18.8672
24/08/18,18.8339
27/08/18,18.6697
28/08/18,18.9354
29/08/18,19.0659
30/08/18,19.1258
31/08/18,19.1792
03/09/18,19.2137
04/09/18,19.3609
05/09/18,19.4433
06/09/18,19.3546
07/09/18,19.2394
10/09/18,19.2989
11/09/18,19.268
12/09/18,19.0511
13/09/18,18.8775
14/09/18,18.8689
17/09/18,18.8399
18/09/18,18.7694
19/09/18,18.7672
20/09/18,18.8296
21/09/18,18.8539
24/09/18,18.8516
25/09/18,18.987
26/09/18,18.8986
27/09/18,18.812
28/09/18,18.7231
01/10/18,18.6531
02/10/18,18.7503
03/10/18,18.8014
04/10/18,19.1328
05/10/18,18.9444
08/10/18,18.9234
09/10/18,19
10/10/18,19.1183
11/10/18,19.0217
12/10/18,18.9202
15/10/18,18.8096
16/10/18,18.7693
17/10/18,18.8012
18/10/18,19.1018
19/10/18,19.2183
22/10/18,19.3669
23/10/18,19.4169
24/10/18,19.4623
25/10/18,19.4383
26/10/18,19.479
29/10/18,19.8022
30/10/18,20.0258
31/10/18,20.3177
01/11/18,20.1329
05/11/18,19.9636
06/11/18,19.8609
07/11/18,19.8245
08/11/18,20.0438
09/11/18,20.3614
12/11/18,20.3179
13/11/18,20.5158
14/11/18,20.3979
15/11/18,20.3371
16/11/18,20.155
20/11/18,20.4123
21/11/18,20.2023
22/11/18,20.2984
23/11/18,20.3935
26/11/18,20.5304
27/11/18,20.4977
28/11/18,20.4108
29/11/18,20.2217
30/11/18,20.3455
03/12/18,20.2346
04/12/18,20.5123
05/12/18,20.5672
06/12/18,20.4705
07/12/18,20.2609
10/12/18,20.3621
11/12/18,20.2889
13/12/18,20.2566
14/12/18,20.3337
17/12/18,20.1126
18/12/18,20.1277
19/12/18,20.0293
20/12/18,19.9082
21/12/18,19.9275
24/12/18,19.8473
26/12/18,19.8823
27/12/18,19.6829
28/12/18,19.6566
31/12/18,19.6512
02/01/19,19.5878
03/01/19,19.6073
04/01/19,19.4902
07/01/19,19.3208
08/01/19,19.3479
09/01/19,19.2456
10/01/19,19.1714
11/01/19,19.1236
14/01/19,19.0064
15/01/19,19.0457
16/01/19,18.9908
17/01/19,19.063
18/01/19,19.0844
21/01/19,19.1902
22/01/19,19.1297
23/01/19,19.0771
24/01/19,18.9859
25/01/19,18.928
28/01/19,19.0381
29/01/19,18.9972
30/01/19,19.1623
31/01/19,19.0388
01/02/19,19.1098
05/02/19,19.0824
06/02/19,19.1058
07/02/19,19.08
08/02/19,19.0893
11/02/19,19.2524
12/02/19,19.2592
13/02/19,19.4084
14/02/19,19.3569
15/02/19,19.3625
18/02/19,19.2578
19/02/19,19.1778
20/02/19,19.1835
21/02/19,19.2652
22/02/19,19.1394
25/02/19,19.1185
26/02/19,19.163
27/02/19,19.2201
28/02/19,19.2607
01/03/19,19.2978
04/03/19,19.3039
05/03/19,19.2597
06/03/19,19.3708
07/03/19,19.5225
08/03/19,19.4902
11/03/19,19.4243
12/03/19,19.3049
13/03/19,19.332
14/03/19,19.3233
15/03/19,19.2176
19/03/19,19.0004
20/03/19,18.9098
21/03/19,18.8694
22/03/19,19.1369
25/03/19,19.0151
26/03/19,19.0989
27/03/19,19.3201
28/03/19,19.3793
29/03/19,19.3779
01/04/19,19.2169
02/04/19,19.2279
03/04/19,19.1805
04/04/19,19.1728
05/04/19,19.0805
08/04/19,18.9701
09/04/19,18.9229
10/04/19,18.836
11/04/19,18.8432
12/04/19,18.7719
15/04/19,18.8489
16/04/19,18.9516
17/04/19,18.848
22/04/19,18.8359
23/04/19,18.9578
24/04/19,19.0046
25/04/19,19.0942
26/04/19,18.9414
29/04/19,19.012
30/04/19,19.0099
02/05/19,19.1014
03/05/19,19.0012
06/05/19,18.9781
07/05/19,19.0499
08/05/19,19.0837
09/05/19,19.2623
10/05/19,19.1374
13/05/19,19.1928
14/05/19,19.1427
15/05/19,19.1236
16/05/19,19.071
17/05/19,19.1454
20/05/19,19.0908
21/05/19,19.0309
22/05/19,18.9755
23/05/19,19.0122
24/05/19,19.0658
27/05/19,19.0521
28/05/19,19.1652
29/05/19,19.2395
30/05/19,19.0683
31/05/19,19.6426
03/06/19,19.7609
04/06/19,19.6007
05/06/19,19.5418
06/06/19,19.7084
07/06/19,19.6528
10/06/19,19.204
11/06/19,19.1222
12/06/19,19.1383
13/06/19,19.1645
14/06/19,19.1487
17/06/19,19.1924
18/06/19,19.1011
19/06/19,19.1753
20/06/19,18.9804
21/06/19,19.0661
24/06/19,19.1833
25/06/19,19.2271
26/06/19,19.1442
27/06/19,19.1685
28/06/19,19.2087
01/07/19,19.076
02/07/19,19.0694
03/07/19,19.0502
04/07/19,18.9947
05/07/19,19.0446
08/07/19,18.9116
09/07/19,19.0043
10/07/19,19.2425
11/07/19,19.1227